category,brand,product,specifications,observed_market_price_idr,observed_unit_price_idr,source_url,assumed_margin_percent,estimated_factory_price_idr,notes
STERIL,ONEMED,"Kasa Steril 101610 Box Isi 20 Pouch x 10 Lembar – 10x10cm 16 ply 10 pcs","10x10cm, 16 ply",212000,1060,https://onemedstore.id/product/onemed-kasa-steril-101610-box-isi-20-pouch-x-10-lembar-10x10cm-16-ply-10-pcs/,20,883,"Market survey only; factory price is a spreadsheet estimate, not supplier-confirmed purchase cost"
STERIL,ONEMED,"Kasa Steril 1085 OneMed 10x10cm 8 ply 5 pcs","10x10cm, 8 ply",5000,1000,https://onemedstore.id/product/kasa-steril-1085-onemed-10x10cm-8-ply-5-pcs/,20,833,"Market survey only; estimated factory price"
STERIL,ONEMED,"Kasa Steril 10810 Onemed 10 X10 Cm 8 Ply Isi 10","10x10cm, 8 ply",9200,920,https://onemedstore.id/product/kasa-steril-10810-onemed-10-x10-cm-8-ply-isi-10/,20,767,"Market survey only; estimated factory price"
STERIL,ONEMED,"Kasa Steril 71610 LD OneMed 7.5×7.5cm 16 ply 10 pcs","7.5x7.5cm, 16 ply, LD (Lipatan Dalam)",13500,1350,,20,1125,"Market survey only; estimated factory price"
STERIL,ONEMED,"Kasa Steril OneMed 7.5×7.5cm 16 ply isi 5","7.5x7.5cm, 16 ply",4700,940,,20,783,"Market survey only; estimated factory price"
STERIL,ONEMED,"Kasa Steril 7,5 x 7,5 cm OneMed 8 ply Isi 2 Lembar Box isi 25 Pouch","7.5x7.5cm, 8 ply",21000,420,https://onemedstore.id/product/kasa-steril-75-x-75-cm-onemed-8-ply-isi-2-lembar-box-isi-25-pouch/,20,350,"Market survey only; estimated factory price"
STERIL,ONEMED,"Kasa Steril LD OneMed 5 x 7 Cm 16 Ply 10 Pcs","5x7cm, 16 ply, LD",9000,900,https://onemedstore.id/product/kasa-steril-ld-onemed-5-x-7-cm-16-ply-10-pcs/,20,750,"Market survey only; estimated factory price"
STERIL,ONEMED,"ONEMED Kasa Steril 5x5cm box isi 12 Pcs – KS B-512 KSB 512","5x5cm, 8 ply",3500,292,https://onemedstore.id/product/onemed-kasa-steril-5x5cm-box-isi-12-pcs-ks-b-512-ksb-512/,20,243,"Market survey only; estimated factory price"
NON STERIL,ONEMED,"Kasa Hidrofil OneMed 40yardx80cm Super Grade With Xray Line roll","40yardx80cm",248000,248000,https://onemedstore.id/product/kasa-hidrofil-onemed-40yardx80cm-super-grade-with-xray-line-roll/,20,206667,"Market survey only; estimated factory price"
NON STERIL,,"Kasa Roll Non Steril 5 cm","5cm, bal(1kg)",77700,77700,https://katalog.inaproc.id/surya-mandiri-sinergi/kasa-roll-non-steril-5-cm,20,64750,"Market survey only; estimated factory price"
NON STERIL,,"Kasa Non Steril Husada, 12 pcs Box","16x16cm",8500,708,https://katalog.inaproc.id/san-amerta-romora/kasa-non-steril,20,590,"Market survey only; estimated factory price"
NON STERIL,,"Kasa Hidrofil Cuplik Non Steril 16 pcs Box","16x16cm",9426,589,,20,491,"Market survey only; estimated factory price"
NON STERIL,ONEMED,"ONEMED Kasa Roll Non Steril 10 Roll","5cm x 4m",22000,2200,,20,1833,"Market survey only; estimated factory price"
NON STERIL,ONEMED,"ONEMED Kasa Roll Non Steril 5 Roll","10cm x 4m",22000,4400,,20,3667,"Market survey only; estimated factory price"
NON STERIL,ONEMED,"ONEMED Kasa Roll Non Steril 5 Roll","15cm x 4m",22000,4400,,20,3667,"Market survey only; estimated factory price"
